State,LGA,COMMUNITY,DATE OF OCCURRENCE,PERSONS AFFECTED,DISPLACED PERSONS
Abia,Bende,,,785,-
Abia,Ohafia,,,785,-
Adamawa,Madagali,11 Communities,24/08/2022,8418,-
Adamawa,Demsa,"Bilachi, Bali, Mbongado, Dwam Sabo, Moral, Moro 2, Zuran I, Zuran 2, Kulasala,
Kuli, Labakuri, Mbumara, Nsarawo Demsa. Mbula and Kabawa",15/08/2022,12996,-
Adamawa,Fufore,"Fufore metropolis, Daitsin Hausa, Dula, Dula bwatiye, Nafori",17/07/2022,1711,-
Adamawa,Numan,"lmburu, Hayin Gada, Kwakwambe, /urei, gwalam and Gbalang",15/08/2022,7912,-
Adamawa,Girei,"Jibiro, Timpi, Arda Mokawo, Vindi Dubbe, Ardo Babayo, Ngolkoyere. Jauro Ndundu",19/08/2022,2731,-
Adamawa,Song,"Loko, Gudure, Kolere, Dumne and Gadamayo",17/07/2022,8111,-
Adamawa,Madagali,"Mayo Wandu, Kapa. Kirchinga, Shuwa, Duhu, Saban Gari, Hyumbula, Ghumbul, Katin Hausa and Wuro Ngayandi",25/08/2022,8413,-
Adamawa,Yola North,"Rumde Baru, Faro Road. Jambutu, Dami/u A, Damilu New. Limawa, Gwadabawa, Boramji, Kofare, Bacchure",19/08/2022,9971,-
Adamawa,Shelleng,"Shelfeng community. kiri. wuro yanka, Karim and Lababiri",15/08/2022,9549,-
Adamawa,Yola South,"Yola South metropolis, Wura Jabbe, unguwantabo, mbamba, damare, Njobili,
Njoboliyo, Rugange, Sebore, Anguwan Sanda, Woru Chekke, Dandu, Wauru Jabbe, Saminaka and Yolde pate '•",17/08/2022,8816,-
Adamawa,Fufore,,17/07/2022,9958,-
Adamawa,Numan,,17/07/2022,4686,-
Adamawa,Song,,17/07/2022,1506,-
Adamawa,Yola North,,44686,1854,-
Adamawa,Yola South,,44686,3072,-
Anambra,Anambra East,Aguleri,22/09/2022,20998,19727
Anambra,Anambra East,Enugu-0tu,22/09/2022,31002,29835
Anambra,Anambra East,Eziagulu-otu,22/09/2022,21041,19975
Anambra,Anambra East,Mkpunando-otu,22/09/2022,9959,8407
Anambra,Anambra East,lgbariam,22/09/2022,5806,5120
Anambra,Anambra East,Umueri,22/09/2022,1194,974
Anambra,Anambra East,Nsugbe,22/09/2022,2202,1788
Anambra,Anambra East,lkemivite Nanda,22/09/2022,5798,5184
Anambra,Anambra East,Umuoba,22/09/2022,5304,4812
Anambra,Anambra West,Umueze,22/09/2022,22031,19457
Anambra,Anambra West,Umuenwelum,22/09/2022,23969,21840
Anambra,Anambra West,Oroma-Etiti,22/09/2022,20066,18338
Anambra,Anambra West,Ezi-Anam,22/09/2022,22934,19015
Anambra,Anambra West,,22/09/2022,25046,20242
Anambra,Anambra West,Owelle,22/09/2022,19954,15913
Anambra,Anambra West,Ukwalla,22/09/2022,9118,7010
Anambra,Anambra West,fnoma,22/09/2022,19908,15370
Anambra,Anambra West,Ofumbanasa,22/09/2022,44011,25801
Anambra,Anambra West,Nzam,22/09/2022,30994,21972
Anambra,Ayamelum,Omor,22/09/2022,1047,832
Anambra,Ayamelum,Anaku,22/09/2022,1106,945
Anambra,Ayamelum,fgbakwu,22/09/2022,1380,1024
Anambra,Ayamelum,Umuerum,22/09/2022,1661,1388
Anambra,Ayamelum,Umueje,22/09/2022,1562,1201
Anambra,Ayamelum,lfite-Ogwari,22/09/2022,1034,939
Anambra,Ayamelum,Umumbo,22/09/2022,1277,1014
Anambra,Ayamelum,Omasi,22/09/2022,1278,967
Anambra,Ogbaru,Okpoko,22/09/2022,61033,45135
Anambra,Ogbaru,Odekpe,22/09/2022,39967,31682
Anambra,Ogbaru,Ohita,22/09/2022,8072,6658
Anambra,Ogbaru,Atani,22/09/2022,25928,18040
Anambra,Ogbaru,Obeagwe,22/09/2022,8860,6287
Anambra,Ogbaru,Ochuche,22/09/2022,10452,8193
Anambra,Ogbaru,Akiliozizor,22/09/2022,9706,7037
Anambra,Ogbaru,Amiyi -,22/09/2022,8066,7155
Anambra,Ogbaru,Umuzu,22/09/2022,9134,7502
Anambra,Ogbaru,Aki/i-Ogidi,22/09/2022,16019,10203
Anambra,Ogbaru,Ogwu-aniocha,22/09/2022,18093,10586
Anambra,Ogbaru,Umunankwo,22/09/2022,11907,8447
Anambra,Ogbaru,Ogwu-ikpele,22/09/2022,10311,5020
Anambra,Ogbaru,Ossornala,22/09/2022,24303,15110
Anambra,Ogbaru,Mputu,22/09/2022,15067,9233
Anambra,Ogbaru,Ogbakuba,22/09/2022,9064,4401
Anambra,Awka North,Awba-Ofemili,22/09/2022,3048,2351
Anambra,Awka North,Ugbene,22/09/2022,1021,833
Anambra,Awka North,Ugbenu,22/09/2022,2065,1482
Anambra,Awka North,Achala,22/09/2022,1118,865
Anambra,Awka North,Ebenebe,22/09/2022,2127,1702
Anambra,Ihiala,lhiala,22/09/2022,5012,4103
Anambra,Njikoka,Abagana,30/01/2022,1130,1130
Anambra,Anambra East,Agu/eri,30/01/2022,2850,2850
Anambra,Anaocha,Agulu,44569,2010,2010
Anambra,Idemili South,Alor,31/07/2022,1340,1340
Anambra,Ogbaru,Atani,30/07/2022,3450,3450
Anambra,Awka North,Awba Ofemili,44569,2155,2155
Anambra,Orumba North,Enugwuabo Ufuma,30/07/2022,2524,2524
Anambra,Ayamelum,Jfite Ogwari,44569,2167,2167
Anambra,Ihiala,lsseke,31/07/2022,1549,1549
Anambra,Awka South,Nibo,30/07/2022,2250,2250
Anambra,Idemili North,Obosi,44569,1155,1155
Anambra,Anambra West,UmuezeAnam,31/07/2022,2320,2320
Bauchi,Alkaleri,Alkaleri ( 14 Communities),22/07/2022,1205,-
Bauchi,Katagum,Azare & 16 others communities,20/07/2022,2400,-
Bauchi,Darazo,Darazo & 19 others communities,14/07/2022,3624,-
Bauchi,Giade,Giade & I J others communities,18/07/2022,732,-
Bauchi,Misau,Hardawa & JO othersw communities,20/07/2022,2160,-
Bauchi,Bauchi,lnkil & 3 others Communities,44747,1236,-
Bauchi,Jama'are,Jama·are & 15 others communities,18/07/2022,1800,250
Bauchi,Kirfi,Kirfi & 11 others communities,23/07/2022,335,-
Bauchi,Warji,Lirnaa & 8 others communities ..,44748,1116,126
Bauchi,Ningi,Ningi & I I other Communities,17/07/2022,930,-
Bauchi,Shira,Shira & J Sothers communities,18/07/2022,1290,95
Bauchi,Zaki,Sakwa & 95 others communities,44813,3777,1123
Bauchi,Gamawa,Kore nd 40 other communities,44813,4517,1144
Benue,Gwer West,Gaambe-U-shian,44627,271,261
Benue,Gwer West,Gaambe-U-shian,44627,199,198
Benue,Kwande,Kumakagh,31/07/2022,405,393
Benue,Kwande,Mbadura,31/07/2022,494,473
Benue,Kwande,Mkomon/Mbakyor,31/07/2022,456,355
Benue,Kwande,Yaav,31/07/2022,249,248
Benue,Gwer West,Sagheu/Ukusu,44569,351,299
Benue,Kwande,Moon,31/08/2022,491,385
Benue,Logo,Mba.ler,44571,263,263
Benue,Logo,Nenzev,44571,520,518
Benue,Guma,lvite,44806,264,17
Benue,Guma,Mbabai,44806,255,12
Benue,Guma,Nzorov,44806,219,32
Benue,Guma,Kaambe,44806,301,24
Benue,Guma,Uvir,44806,295,18
Benue,Guma,SaghevjTse Shan,44806,211,27
Benue,Guma,Torkpande,44806,271,-
Benue,Guma,Tyondun,44806,234,12
Benue,Guma,Branch,44806,259,24
Benue,Guma,Umenger,44806,339,21
Benue,Vandeikya,Ukyaagu,19/07/2022,798,125
Benue,Oturkpo,Ugboju ehaje,24/08/2022,1724,109
Benue,Oturkpo,Otobi,24/08/2022,1901,125
Benue,Oturkpo,Ewulo,24/08/2022,1561,116
Benue,Katsina-Ala,Mbajir,13/08/2022,2389,110
Benue,Katsina-Ala,Michihe,13/08/2022,2457,151
Benue,Katsina-Ala,Mbayongo,13/08/2022,2711,133
Benue,Katsina-Ala,Hausa Quarters,19/09/2022,411,223
Benue,Katsina-Ala,Yooyo,19/09/2022,369,191
Benue,Katsina-Ala,Otsazi,19/09/2022,473,245
Benue,Katsina-Ala,Utange,13/08/2022,2539,142
Benue,Makurdi,Gyado Villa,44806,609,37
Benue,Makurdi,Rice Mill,44806,634,31
Benue,Makurdi,BIPC Quarters,44806,592,39
Benue,Makurdi,Kanshio,44806,664,42
Benue,Makurdi,Welfare Quarters,44806,627,36
Benue,Makurdi,Fiidi,44806,651,37
Benue,Makurdi,Agau,44806,701,36
Benue,Makurdi,Mgbagun,44806,432,31
Benue,Makurdi,Aji,44806,611,35
Benue,Makurdi,Kucha Utebe,44806,628,42
Benue,Makurdi,Tse Tyodugh and TseMandeAkpu,44806,665,29
Benue,Makurdi,Karmem,44806,617,31
Benue,Makurdi,Mobile Barracks,44806,623,36
Benue,Apa,lga Okpaya,44812,611,79
Benue,Agatu,,44809,395,79
Benue,Agatu,Oweto,44809,476,92
Benue,Agatu,Aila,44809,457,76
Benue,Agatu,Ohelefu,44809,481,99
Benue,Agatu,Ochunonya,44809,459,105
Benue,Agatu,Utugolugwu,44809,488,121
Benue,Agatu,Olegogambo,44809,463,74
Benue,Agatu,Olegodege,44809,451,64
Benue,Agatu,Obishu,44809,499,87
Benue,Agatu,Ebete,44809,407,95
Benue,Agatu,Adeka,44809,411,84
Benue,Agatu,Olegadakolo,44809,487,92
Benue,Agatu,Oleje,44809,451,86
Benue,Gboko,Abaagu,26/08/2022,177,15
Benue,Gboko,Gboko East,26/08/2022,165,7
Benue,Gboko,Mbaion,26/08/2022,189,14
Benue,Gboko,Yandev,26/08/2022,174,16
Benue,Gwer West,Ukusu,28/08/2022,105,23
Benue,Gwer West,Aondona,28/08/2022,81,17
Benue,Gwer West,Mbapa,28/08/2022,88,22
Benue,Gwer West,Gaambe,28/08/2022,91,19
Benue,Buruku,Mbatsuwa,19/09/2022,511,310
Benue,Buruku,Ushen,19/09/2022,497,351
Benue,Buruku,Wuav/Mbashian,19/09/2022,522,298
Benue,Buruku,Agyo,19/09/2022,413,235
Benue,Buruku,Ugbenyi,19/09/2022,501,363
Benue,Buruku,Oguluba,19/09/2022,309,221
Benue,Buruku,Buruku Township,19/09/2022,492,219
Benue,Buruku,Agbor,19/09/2022,626,449
Benue,Buruku,Otsafu,19/09/2022,552,320
Benue,Buruku,Angwan Ugye,19/09/2022,564,345
Benue,Okpokwu,Opialu Edumoga,22/08/2022,1521,459
Benue,Okpokwu,Olanyega Otobi,44904,1321,552
Benue,Okpokwu,Akouneje,24/09/2022,1213,751
Benue,Okpokwu,Aicheajogwu Akalama,19/09/2022,1423,576
Benue,Okpokwu,Ogege,19/09/2022,1328,479
Benue,Ado,lgumale,20/09/2022,543,304
Benue,Ado,Apa,20/09/2022,613,344
Benue,Ado,Utonkon,20/09/2022,624,321
Benue,Ado,Agila,20/09/2022,575,232
Benue,Ado,Ekile,20/09/2022,638,311
Benue,Agatu,Utugolugwu,20/09/2022,512,399
Benue,Agatu,Ohelefu,20/09/2022,550,356
Benue,Agatu,lgagishu,19/09/2022,498,300
Benue,Agatu,Ebete,19/09/2022,569,387
Benue,Agatu,Alokpa,21/09/2022,590,390
Benue,Agatu,Okokolo,22/09/2022,568,310
Benue,Agatu,oweto,19/09/2022,2628,2044
Benue,Agatu,Akwu,20/09/2022,580,302
Benue,Agatu,Aila,22/09/2022,726,425
Benue,Agatu,Omikwidi,20/09/2022,597,394
Benue,Agatu,Edeje,21/09/2022,649,419
Benue,Agatu,Egba,21/09/2022,573,373
Benue,Agatu,Olegocholo gbo,21/09/2022,378,223
Benue,Agatu,Usha,20/09/2022,722,499
Benue,Agatu,Olagadokele,20/09/2022,591,329
Benue,Agatu,Olegoga,21/09/2022,592,302
Benue,Agatu,Obishu,20/09/2022,620,411
Benue,Agatu,Olegodege,21/09/2022,602,441
Benue,Agatu,Abugbe,20/09/2022,534,288
Benue,Agatu,Ocholonya,20/09/2022,709,476
Benue,Agatu,Adana,22/09/2022,599,302
Benue,Agatu,Jminiyi,21/09/2022,654,417
Benue,Agatu,Olegeje,22/09/2022,578,349
Benue,Agatu,Olegada-ogboche,21/09/2022,666,450
Benue,Agatu,Olegede,20/09/2022,587,333
Benue,Agatu,Olegotekwu,20/09/2022,623,422
Borno,Jere,"Jere town, Goni Kachallari",21/08/2022,3001,3001
Borno,Kwaya Kusar,Kwaya kusur town,44750,164,164
Borno,Hawul,"Lokoja, Ghun, Kukurku",26/08/2022,987,987
Borno,Maiduguri,Maduganari Bayan Tudu,30/08/2022,52,52
Borno,Maiduguri,Maduganari Layin Apga,30/08/2022,667,667
Borno,Maiduguri,Maduganari L.ayin Bulama,30/08/2022,61,61
Borno,Jere,Mashamari Moro-Moro,30/08/2022,0,-
Borno,Chibok,Mbalala,29/08/2022,10000,300
Borno,Ngala,"Ngala, Gamboru",26/07/2022,1200,1320
Borno,Kaga,Ngamdu,20/08/2022,321,321
Borno,Maiduguri,"Polo, Bolori, Ngrannam. Ngomari, Bulunkutu Dala",21/08/2022,5851,5851
Borno,Kala/Balge,Rann town,18/09/2022,3175,1488
Borno,Hawul,"Shaffa, Kwajafa, Tashan Alade, Huitambaya",22/08/2022,251,251
Borno,Shani,shanitown,18/08/2022,387,387
Borno,Biu,Tashan Danfulani ',44689,312,312
Delta,Isoko North,Ovrode,15/07/2022,117,-
Delta,Ndokwa East,Beneku,23/07/2022,69,-
Delta,Oshimili South,Ogbe-llo Asaba,30/07/2022,128,-
Delta,Oshimili South,Oko-Amakom,26/07/2022,91,-
Delta,Oshimili South,Oko-Odifulu,23/07/2022,137,-
Delta,Oshimili South,Omeli-Gboma,24/07/2022,97,-
Delta,Oshimili South,Oshimili Town,23/07/2022,109,-
Delta,Oshimili South,Oko-Amakom,17/09/2022,2425,679
Delta,Oshimili South,Amakom,17/09/2022,981,967
Delta,Oshimili South,Phase 11,17/09/2022,1713,612
Delta,Oshimili South,Infantjesus,17/09/2022,1429,583
Delta,Burutu,Land of Canaan,15/09/2022,815,618
Delta,Burutu,Tangbe,15/09/2022,1258,417
Delta,Burutu,Bolu-Tangbe,15/09/2022,975,413
Delta,Burutu,Bethel,15/09/2022,1479,523
Ebonyi,Ebonyi,Nkeleke Achara,26/05/2022,1476,1420
Ebonyi,Ikwo,lkwo South D/C lkwo South East D/C lkwo Central,30/09/2022,49836,17400
Ebonyi,Ohaozara,Amenu/Uburu,26/07/2022,1689,1689
Edo,Ovia North East,Avbotutu,44688,154,-
Edo,Oredo,Ogunmwnyin,27/04/2022,41,-
Edo,Ovia North East,Otofure,22/07/2022,257,-
Edo,Ikpoba-Okha,Urora,27/06/2022,47,-
Edo,Ikpoba-Okha,Uteh,27/07/2022,34,-
Edo,Oredo,UwaRoad,27/04/2022,421,-
Edo,Etsako East,Egwori Waterside,19/09/2022,1378,158
Edo,Etsako East,Otoukwe,19/09/2022,758,219
Edo,Etsako East,ighaewo,19/09/2022,1587,396
Edo,Etsako East,UawCamp,19/09/2022,473,473
Edo,Etsako Central,Udaba,19/09/2022,1895,459
Edo,Etsako Central,Osomegbe,19/09/2022,3714,1793
Edo,Etsako Central,Anegbette,19/09/2022,2083,1061
Edo,Etsako Central,lfeku Island,19/09/2022,1865,791
Edo,Etsako Central,Agbabu,19/09/2022,877,359
Edo,Etsako Central,Udochi,19/09/2022,694,317
Edo,Etsako Central,Ufukpo,19/09/2022,521,235
Edo,Etsako Central,Yuliwa,19/09/2022,247,143
Edo,Etsako Central,Ekperi,19/09/2022,951,397
Edo,Esan South East,IHyushi,19/09/2022,2973,1075
Edo,Etsako Central,Anegbette,27/09/2022,3794,1763
Ebonyi,Ikwo,"Item-Amagu Euchara, Enyimagu And Alike",,,
Enugu,Uzo-Uwani,"Ogurugu, Ojjor, lgga,Ogbosu",30/09/2022,30200,30200
Enugu,Enugu South,"Ugwuaji,Umueze Street",44754,1041,1041
Enugu,Enugu South,Amaegbu Obeagu-Uno Umunya Obeagu,44777,3780,2046
Federal Capital Territory,Abuja Municipal,,44840,156,156
Gombe,Funakaye,Bajoga (32 Communitiesj,30/07/2022,7272,752
Gombe,Akko,Bogo & 2 others communities,24/07/2022,2100,-
Gombe,Kwami,Bojude & 6 others communities,44775,2556,114
Gombe,Dukku,Dukku & 1 I others communities,44807,6636,450
Gombe,Akko,Lergo & 52 others communities,17/08/2022,1512,-
Gombe,Gombe,Nassarawo,44815,2217,-
Gombe,Yamaltu/Deba,Kuri & other communities,44782,5851,-
Gombe,Shomgom,Lapan and other communities,20/08/2022,2290,-
Gombe,Nafada,Nafada & I 9 other villages,44601,4068,1732
Imo,Isu,·-,,884,-
Imo,Njaba,,,1437,-
Imo,Nkwerre,,,775,-
Jigawa,Auyo,"ayama, jura, auyo & 3 others",44569,635,-
Jigawa,Birni Kudu,chiyako and 4 others,44600,1802,-
Jigawa,Ringim,"Dabi, Gabarin, Wailari, Siyango, Kyarama, Majiyawa, Dingare, Lanyoya/, Dibbawa Fulani, Dusukum, Zangon Karara, Ringim ward, Yandutse, Yakasawar Kwari, Sintilmawa, Gujaba, Shafar, Malamawar Tsori, Daurawa, Sankara, Garin Gada,Daguzau, Garin Maker;, Gija, Gidan Sani, and others",44874,5600,5600
Jigawa,Miga,"Gululu, Tsakuwawa, Romawa, Malikawa, Mabayi, Kainawa, Nasarawa, G/ Gami And Gyatimi",15/09/2022,1586,435
Jigawa,Guri,guri,44600,3972,-
Jigawa,Hadejia,Hadejia Central Market,44600,1432,-
Jigawa,Dutse,Karnaya,27/08/2022,2199,-
Jigawa,Kiyawa,"kiyawa, balago. fake & 5 others",44659,1051,-
Jigawa,Dutse,"kudai, kaimawa, kwadiya & 5 othrs",44600,612,-
Jigawa,Malam Madori,"Mallam Madori, Talaku,Garun Gabbas. Dakido,Mairakumi,Akurya,Garun
Gabbas tsohuwa",29/07/2022,1566,-
Jigawa,Miga,"miga, koya & 17 others",44600,3377,-
Jigawa,Jahun,"tarayya, gunka, idanduna, and I 7 others",44628,1251,-
Jigawa,Taura,"Taura Lga Secretariat, Staff Quarters, Gsss Taura. Malamawa,Kari Tsalle, Rigar Daji, Rigar Agumu, Tsamiyar Kabau, Daurawa, Kundu, Kangal Fulani, Tsadawa, Gidan Narwa, Zangom Maje, Tsuwa And Others",44904,14100,14100
Jigawa,Kafin Hausa,,31/07/2022,654,-
Jigawa,Kiri Kasamma,,44569,1758,-
Jigawa,Kiri Kasamma,"Kubayo, Maragwado And Rugar lsah.",22/09/2022,1738,1738
Jigawa,Auyo,"Jura, Ayan, Bengeli, Kure, Kaban, Agin, Sabuwar Auyo, Gatakashe, Gidan
Shinkafar Aminu Dubai, Matakuwa, Marina And Auyakayi",24/09/2022,4322,3231
Jigawa,Guri,"Takazza, Una, Musari, Zogobia, Kujuru, Lafiyari, Alanjo, Giryo, Kadira, Chapchapno, Tasgan Gabas, Tasgan Yamma, Garmakuwan Gabas Garmakuwan Yamma, Bakin Gayin, Kurya, Gajiya, Dorowaji, Garin Malam
And Others",16/09/2022,3002,1335
Kaduna,Chikun,1 Village,44784,15,-
Kaduna,Kubau,I Village,21/07/2022,100,-
Kaduna,Lere,I I Villages,14/08/2022,170,-
Kaduna,Kudan,7 Villeges,29/07/2022,96,-
Kano,Gwale,Gwale,44751,2100,-
Kano,Fagge,Kantin Kwari Markey,44749,547,-
Kano,Kibiya,Kibiya,29/08/2022,1056,-
Kano,Wudil,"Kofar Fada, Utai, Kausani, Lajawa, Acika, Darki, Dagumawa, lndabo, Dankaza, And Sabon Gari.",29/08/2022,1122,15
Kano,Warawa,"Larabar Gadon Sarki,Gishiri Wuya,Karankawa",44690,2848,270
Kano,Rimin Gado,"rimin gado town,jili, gulu, yalwan danziyal, tamawa, maigari, karofin yashi,
zango and dakadawa",44791,2674,-
Kano,Shanono,"shanono town, farin ruwa, tsaure and kokiya town.",14/08/2022,935,-
Kano,Dambatta,,17/07/2022,699,-
Kano,Doguwa,,17/04/2022,664,-
Kano,Gwale,,13/07/2022,813,-
Kano,Kibiya,,17/04/2022,388,-
Kano,Kiru,,13/07/2022,1620,-
Katsina,Kankia,1 Village,22/07/2022,86,-
Katsina,Safana,1 Village,23/07/2022,400,-
Katsina,Danja,10 Villages,44754,128,-
Katsina,Funtua,10 Villages,44747,258,-
Katsina,Kusada,10 Villages,22/07/2022,311,-
Katsina,Musawa,11 Villages,29/07/2022,482,108
Katsina,Batsari,13 Villages,20/07/2022,443,-
Katsina,Zango,3 Villages .,19/07/2022,105,-
Katsina,Sabuwa,4 Villages,44745,111,-
Katsina,Batagarawa,8 Villages,24/07/2022,364,-
Katsina,Ingawa,8 Villages,24/07/2022,155,-
Katsina,Kankara,8 villages,18/07/2022,176,-
Katsina,Katsina,9 Villages,22/07/2022,607,-
Kebbi,Bunza,"Binji Town,Zagga,llo,Bagudo Town,Raha And Bunza Town",44751,3125,1239
Kebbi,Jega,JegaTown,17/08/2022,478,102
Kebbi,Shanga,Shanga Town & Sabara,44812,433,58
Kebbi,Birnin Kebbi,,16/06/2022,730,419
Kebbi,Jega,,16/06/2022,1460,839
Kogi,Idah,,44840,75,75
Kogi,Ijumu,,44840,50,60
Kogi,Ogori/Magongo,,44840,25,65
Kwara,Edu,"Kpataringi,Taada,Kusogi,Yimagi,Bacita,Belle,Tsaragi,Lafiagi,Tasan,Kpeliagi,Ye lwa,Driji",44874,5330,3570
Kwara,Pategi,"Sunkoso, Gbaradogi, Babogi, Gakpan, Esu-dari, Sanchita, Eba",1 1/09/2022,5064,3330
Kwara,Moro,"lpata, Fangan, Ndako, lpata-Oja, lpata-Niger, Unguwan Sariki Jirgi,
Ndadoko, Samanagi",44874,4180,3280
Kwara,Ilorin East,"/sale-Koko, Oke-suna, Sabo-oke, Kafuma, Akerebiata, /di-ape, Aduralere,
Sanu-Shuhu, Okefele, Amilengbe, Mubo",15/09/2022,2280,2630
Kwara,Kaiama,"Kaiama 1, Bichi, Adena, Gbejibo, Banisonla, Wurimakoto, Kemanji, Bani",15/09/2022,4240,3325
Kwara,Offa,"Engi, Balogun, Shewo, Essa. Ojomu, lgboidun, Offa",15/09/2022,1770,1130
Kwara,Ifelodun,"Oro-ago, Kajiola, Oke-Oyun",30/09/2022,3280,2954
Kwara,Oyun,"Ladun, Ojoku, Erinfe, 1/emoma, lpe, lgosun",30/09/2022,1520,1109
Kwara,Baruten,"Gwanara, llesha, Okuta, Yashikira, Shia, Boriya ,,",30/09/2022,2615,1430
Kwara,Ilorin West,"Kpakata, Gaa-Aremu, Alagbado, Amo Estate",30/09/2022,1530,1070
Kwara,Ilorin South,"Taiwo-lsafe, Unity, Ofoje, Kufende, Agbagidun",30/09/2022,1280,1019
Kwara,Asa,"Bala, Ogele, Abort), Ote, Asa Dam Area, Afun, Eiyon-karin",30/09/2022,2155,1263
Lagos,Alimosho,Aboru,44904,194,-
Lagos,Ikorodu,Adamo,44811,136,-
Lagos,Ifako-Ijaye,"Ado-Odo, Ajegunle Ila boundary, Fred Williams Estate",24/06/2022,6500,1986
Lagos,Ikorodu,Agbowa lkosi,44811,209,-
Lagos,Kosofe,Agifiti,44811,18,-
Lagos,Kosofe,"Agifiti 2, Agboyi-Ketu &, Magodo road",44811,3500,1002
Lagos,Kosofe,"Agifiti 2, Magodo road & Agbonyi-ketu",44841,1760,-
Lagos,Ojo,Aiyedoto,44811,12,-
Lagos,Alimosho,Ajasa Command,44811,22,-
Lagos,Ikorodu,"Ajebo, lgbomogun, Gbopa, Gberigbe fgbogbo road, !jede, Adamo, Mowokekere, Erikorodu and Agbawa lkosi",44780,2500,843
Lagos,Ifako-Ijaye,"Ajegunfe ilo,Uu, Afried Estate",44811,85,34
Lagos,Ojo,Army Cantonement,44811,13,-
Lagos,Alimosho,Ayobo,44780,165,-
Lagos,Epe,EbuteAfuye,44780,106,-
Lagos,Alimosho,Eganlgando,44811,32,-
Lagos,Oshodi-Isolo,Egbe,44780,69,-
Lagos,Oshodi-Isolo,Egbe,44841,10,3
Lagos,Epe,Erepoto,44780,98,-
Lagos,Epe,Erepoto,22/09/2022,260,-
Lagos,Ikorodu,Erikorodo,44780,24,-
Lagos,Amuwo-Odofin,Festac,44811,34,-
Lagos,Ojo,Forbe,44811,16,-
Lagos,Badagry,Ganyigbo,44780,136,-
Lagos,Badagry,Ganyigbo & Uanikin,44811,15,-
Lagos,Badagry,Ganyigbo and Uanikin,44780,20,8
Lagos,Ikorodu,Gberigbe,44780,168,-
Lagos,Ojo,lgbo Elerin,44811,76,-
Lagos,Ikorodu,"lgbogbo, Ajebo, lgbomorogun",24/06/2022,386,245
Lagos,Ikorodu,lgboye,44780,22,-
Lagos,Epe,"lgboye, Erepoto,-lraye Oke,",44841,23,-
Lagos,Epe,"lgboye, Erepoto, lraye-Oke, Ebute-Afuye,",44811,40,12
Lagos,Badagry,Uanikin,44780,110,-
Lagos,Ikorodu,Uede,44780,97,-
Lagos,Ojo,Uedodo/Uagemo,44811,58,-
Lagos,Ifako-Ijaye,iju Waterworks,44780,19,-
Lagos,Ikeja,lkeja along road ..,22/09/2022,975,-
Lagos,Alimosho,!kola,44780,16,-
Lagos,Alimosho,lkotun,44780,12,-
Lagos,Alimosho,lpaja Command,44904,25,-
Lagos,Epe,lrayeOke,44780,123,-
Lagos,Ojo,lyana Oba,44811,11,-
Lagos,Eti-Osa,Lekki(Springbrook Estate),44780,1500,390
Lagos,Kosofe,Mende,44904,10,10
Lagos,Agege,Moshalashi Alhaja area,18/09/2022,42,-
Lagos,Ikorodu,Mowo Kekere,44811,79,-
Lagos,Epe,Odomola Kula-Nia,44780,120,-
Lagos,Kosofe,Ogudu,44811,14,-
Lagos,Kosofe,Ogun River,44811,43,-
Lagos,Ikorodu,Oke-Eletu,44780,102,-
Lagos,Alimosho,Olubondu,44904,560,78
Lagos,Alimosho,Olubondu,44904,78,78
Lagos,Agege,OrileAgege,44811,19,-
Lagos,Agege,Orile-Agege,44780,250,54
Lagos,Agege,"Ori/e-Agege, Oke-koto, Adedosu & Afa-nla",44811,123,31
Lagos,Alimosho,"Orisumbare, Oke-lshagun and Agbado-oke",44811,621,246
Lagos,Alimosho,"Orisumbare, Oke-lshagun, Agbado-Oke, Ayobo, lkotun",44841,750,201
Lagos,Ojo,"Ota-Awori, lyana-Oba, lgbe-Elerin Aiyedoto, lgbo-elerin, Uedodo, Forbe, Ota- Awori,",44780,56,14
Lagos,Ojo,OtoAwori,44811,13,-
Lagos,Ojo,"Oto-awori, lyana-oba, lgbo elerin, Aiyedoto",44841,30,-
Lagos,Agege,"Otubu, Okekotm",17/09/2022,109,-
Lagos,Apapa,"Sari-Iganmu, ijora-badia & Orile-lganmu",44811,1440,486
Lagos,Ojo,Volkswagen,44811,77,-
Nasarawa,Toto,".,
Kanaworo",21/09/2022,953,298
Nasarawa,Toto,ihemkpa,21/09/2022,901,465
Nasarawa,Toto,Otondo,21/9/2022,346,153
Nasarawa,Toto,lgi,21/9/2022,484,262
Nasarawa,Toto,Kaita,21/9/2022,439,176
Nasarawa,Toto,fredeya,21/9/2022,423,299
Nasarawa,Toto,Ogbera,21/9/2022,961,534
Nasarawa,Toto,Liberia,21/9/2022,387,275
Nasarawa,Doma,Obenda,21/9/2022,345,243
Nasarawa,Doma,Otezokpa,21/9/2022,354,191
Nasarawa,Doma,Achepe,21/9/2022,586,174
Nasarawa,Doma,ijiwo,21/9/2022,286,97
Nasarawa,Doma,Odazede,21/9/2022,687,377
Nasarawa,Doma,Akpanaja,21/9/2022,258,93
Nasarawa,Doma,Otariza,21/9/2022,434,211
Nasarawa,Doma,Olegazbulu,21/9/2022,360,145
Nasarawa,Doma,Anagoza,21/9/2022,295,178
Nasarawa,Doma,Osobo,21/9/2022,275,99
Nasarawa,Doma,Akanaja,21/9/2022,173,87
Nasarawa,Doma,Agyema,21/9/2022,543,305
Nasarawa,Doma,Kwatan Bala,21/9/2022,674,435
Nasarawa,Doma,,21/9/2022,248,134
Nasarawa,Doma,Abuja-Ozon,21/9/2022,567,287
Nasarawa,Doma,0/ogodu,21/9/2022,286,86
Nasarawa,Doma,Apirigbo,21/9/2022,425,278
Nasarawa,Doma,Guto,21/9/2022,378,257
Nasarawa,Doma,Uwhe,21/9/2022,973,458
Nasarawa,Doma,Adayi,21/9/2022,437,379
Nasarawa,Doma,lllah,21/9/2022,262,163
Nasarawa,Doma,lgyem,21/9/2022,573,479
Nasarawa,Doma,Abatuku,21/9/2022,643,368
Nasarawa,Awe,Abuni,18/9/2022,278,170
Nasarawa,Awe,Gadadima Awe,18/9/2022,569,379
Nasarawa,Awe,Kofin Moye I,18/9/2022,367,164
Nasarawa,Awe,MagajiAwe,18/9/2022,789,564
Nasarawa,Awe,Makawangiji Awe,18/9/2022,257,95
Nasarawa,Awe,Akiri,18/9/2022,490,377
Nasarawa,Awe,Azara,18/9/2022,387,198
Nasarawa,Awe,Ribi,18/9/2022,743,651
Nasarawa,Awe,Barkano,18/9/2022,539,389
Nasarawa,Awe,Jagan Gayam,18/9/2022,268,123
Nasarawa,Awe,Tunga,1 8/9/2022,423,321
Nasarawa,Awe,Booga,18/9/2022,222,186
Nasarawa,Obi,Obi,15/9/2022,256,145
Nasarawa,Obi,TundaAdahu,15/9/2022,365,257
Nasarawa,Obi,Odubu,44690,211,168
Nasarawa,Obi,Daddara,15/9/2022,389,278
Nasarawa,Obi,Ashupe,15/9/2022,379,299
Nasarawa,Obi,Oma,15/9/2022,246,173
Nasarawa,Obi,Atabula,15/9/2022,522,348
Nasarawa,Lafia,Latia Town,16/9/2022,201,184
Nasarawa,Lafia,Assakio,16/9/2022,413,344
Nasarawa,Lafia,Gidan Kabu,16/9/2022,199,199
Nasarawa,Lafia,Tunga Assakio,16/9/2022,298,196
Nasarawa,Lafia,Fadama Buna,16/9/2022,374,263
Nasarawa,Nasarawa-Eggon,Agfdi,16/9/2022,389,274
Nasarawa,Nasarawa-Eggon,Akun,16/9/2022,478,381
Nasarawa,Nasarawa-Eggon,Uzi,16/9/2022,271,168
Nasarawa,Nasarawa-Eggon,Kabu,16/9/2022,123,123
Nasarawa,Kokona,Kokona,17/9/2022,392,392
Nasarawa,Kokona,Maro,17/9/2022,254,199
Nasarawa,Kokona,Mari,17/9/2022,476,476
Nasarawa,Kokona,Anba,17/9/2022,174,102
Nasarawa,Kokona,Bassa,17/9/2022,289,205
Nasarawa,Kokona,Garaku,17/9/2022,321,297
Nasarawa,Keffi,KeffiTown,17/9/2022,436,321
Nasarawa,Karu,One Man Village,17/9/2022,543,237
Nasarawa,Karu,Karshi,17/9/2022,432,167
Nasarawa,Karu,Pante,17/9/2022,367,274
Nasarawa,Karu,Gitata,17/9/2022,235,179
Nasarawa,Karu,Rafin Kwara,17/9/2022,654,469
Nasarawa,Karu,Taka lafrya,17/9/2022,239,150
Nasarawa,Nasarawa,Guto,18/9/2022,499,326
Nasarawa,Nasarawa,Uwhe,18/9/2022,543,432
Nasarawa,Nasarawa,Adayi,18/9/2022,322,268
Nasarawa,Nasarawa,Liiah,18/9/2022,652,261
Nasarawa,Nasarawa,Abatuku,18/9/2022,559,386
Nasarawa,Nasarawa,Anewa,18/9/2022,389,173
Nasarawa,Nasarawa,Ayele,18/09/2022,581,389
Nasarawa,Wamba,Wamba,16/9/2022,478,365
Nasarawa,Wamba,Kurumi Takwayi,16/9/2022,200,179
Nasarawa,Wamba,mama,16/9/2022,140,140
Nasarawa,Wamba,Fari Ruwa,16/9/2022,150,150
Nasarawa,Wamba,KaduAro,16/9/2022,100,100
Niger,Agwara,,44568,1949,1949
Niger,Borgu,,44568,4223,4223
Niger,Borgu,,44568,1600,1600
Niger,Bosso,,44568,1624,1624
Niger,Gurara,,44568,2924,2924
Niger,Katcha,..,44568,1300,1300
Niger,Kontagora,,44568,2111,2111
Niger,Lapai,,44568,975,975
Niger,Lavun,,44568,1625,1625
Niger,Magama,,44568,2924,2924
Niger,Mariga,,44568,650,650
Niger,Mashegu,.,44568,975,975
Niger,Mokwa,,44568,1949,1949
Niger,Muya,,44568,975,975
Niger,Paikoro,,44568,2599,2599
Niger,Rafi,,44568,1625,1625
Niger,Shiroro,,44568,812,812
Niger,Wushishi,,44568,1624,1624
Niger,Lavun,"Egagi, Saaci-Nku, Mambe, Nku, Kosso, Kuchita, Fokpo, Kutigi-side, Ndakogitsu, Tsoegi, Tsonfada-gabi",44570,3540,2459
Niger,Southern Ijaw,"Bakun lku. Chaza, Kwamba, Tungan-tsauni, Dawaki",22/09/2022,1016,706
Ogun,Egbado North,Ayetoro,44807,292,-
Ogun,Abeokuta South,!sale Oj kuto,44898,976,-
Ogun,Abeokuta North,"Lafenwa Market,Soyoye Rounder",22/03/2022,230,-
Ogun,Ewekoro,lsewo-Dotun,44809,379,-
Ogun,Obafemi-Owode,"Abufe-Qke,Adigbe,Owode",44839,715,-
Ogun,Ifo,Arigbajo,44718,653,-
Ogun,Imeko-Afon,"Agbote,lsale Oja Lafenwa",21/06/2022,461,-
Ogun,Ado-Odo/Ota,Konifewo,30/06/2022,407,-
Ogun,Ijebu East,Ogbere,44719,386,-
Ogun,Odeda,"Odeda Town Obantoko,Gbonagon",17/07/2022,386,-
Osun,Irewole,"lkire, Wasimi, Balogun, Kobo, Asejire",44748,87,21
Osun,Aiyedade,"Gbongan, Ode-Omu, Oogi, Orile-Gwu",44749,134,41
Osun,Egbedore,"Awo, Ara, Dada Estate, Ofatedo, ldo-Osun",14/07/2022,86,32
Osun,Ejigbo,"Ejigbo, /sundunrin, lf Odan, Masifa, Oguro,",14/07/2022,302,98
Osun,Ede North,"Ede, Owode, Araromi, Sekona, Akod",18/07/2022,138,75
Osun,Ilesha West,"lrojo, Sabo, Wesley, Bolorunduro, Olomilagbala, Omiru, Kajola",44751,636,76
Osun,Ife Central,"lfe, Oke-Ogbo, lremo, Mokuro,Opa",44752,123,305
Osun,Oriade,"ijebu-Jesa, Owena, lkeji, lwoye,",44752,213,92
Osun,Osogbo,"Osogbo, Hie, Oba,Gbonmi, Oke-Bale",44752,305,205
Osun,Boluwaduro,"Otan Ayegbaju, Eripa, lresi, fgbajo, Oke-frun",44752,239,68
Oyo,Oyo East,Koso Area,44564,100,7
Oyo,Orelope,lgboho,44654,130,40
Oyo,Ogo Oluwa,Ajaawa,44565,135,25
Oyo,Olorunsogo,lgbeti,44565,130,50
Oyo,Ori Ire,/koyi-fle,44565,170,30
Oyo,Saki East,Ago-Amodu,44746,170,5
Oyo,Saki East,Septeri,44746,240,70
Oyo,Itesiwaju,Otu,44566,180,70
Oyo,Atigbo,Tede,18/05/2022,150,6
Oyo,Atigbo,Ago-Are,44567,100,100
Oyo,Kajola,lganna,44567,60,2
Oyo,Surulere,lresa-Adu,44567,135,78
Oyo,Kajola,"lsemi,Oke--Ogun",44567,100,25
Oyo,Kajola,lwere-Oke/llaji-Oke,44567,120,50
Oyo,Afijio,Jobele,44567,126,40
Oyo,Kajola,Ogbenje/O/e/e,44567,96,12
Oyo,Iseyin,Oke--Eyin,44567,150,-
Oyo,Kajola,Okeho,44567,1130,14
Oyo,Saki West,Oke-OdeAgoluabi,44567,118,40
Oyo,Atiba,Oyo,44567,135,-
Oyo,Iwajowa,/wera-lle,44568,73,5
Oyo,Ibarapa Central,lgboora,44719,150,30
Oyo,Akinyele,Moniya,44841,250,25
Plateau,Wase,Kadarko,44562,632,402
Plateau,Langtang South,Timshat,14/03/2022,562,253
Plateau,Langtang South,Fajul,44625,301,198
Plateau,Langtang North,Gasham,44686,260,98
Plateau,Langtang North,Dingjor,27/05/2022,256,136
Plateau,Langtang North,Zango,28/05/2022,271,121
Plateau,Langtang North,Yashi,29/05/2022,286,150
Plateau,Mikang,Baltip,44567,534,29
Plateau,Langtang South,Dadin Kowa,44567,672,311
Plateau,Mikang,Garkawa,44567,473,27
Plateau,Langtang South,Zamban,44567,356,215
Plateau,Langtang South,Lamdual,44718,326,114
Plateau,Langtang South,Magama,44748,572,282
Plateau,Shendam,Shimankar,23/06/2022,1871,1109
Plateau,Wase,Ayal,44568,411,478
Plateau,Wase,Chaplwai,44568,414,221
Plateau,Mikang,Lalin,44568,552,36
Plateau,Langtang South,Lasher,44568,416,210
Plateau,Mikang,Piapung,44568,566,33
Plateau,Langtang South,Pilgani,44568,506,312
Plateau,Langtang South,SabonGida,44568,561,252
Plateau,Shendam,Kalong,17/07/2022,1756,897
Plateau,Wase,Duwi,23/07/2022,492,135
Plateau,Wase,G/Balak,23/07/2022,476,152
Plateau,Wase,G/Kogi,23/07/2022,413,223
Plateau,Jos North,Gangare,23/07/2022,95,95
Plateau,Kanke,Gugur,23/07/2022,2010,-
Plateau,Jos North,Rikkos,23/07/2022,150,150
Plateau,Wase,Saluwe,23/07/2022,426,252
Plateau,Shendam,shimankar Poeteng,28/08/2022,116,87
Plateau,Shendam,"Shimankar kawan,",28/08/2022,278,167
Plateau,Shendam,Shimankar Yashi,28/08/2022,99,53
Plateau,Shendam,Shimankar,28/08/2022,175,106
Plateau,Shendam,Shimankar Ndayak,28/08/2022,217,118
Plateau,Shendam,Shimankar Nfan,28/08/2022,89,61
Plateau,Shendam,Shimarka Miskoon Manu,28/08/2022,131,92
Plateau,Shendam,Shimarka Ungwa kurgwi,28/08/2022,227,159
Plateau,Shendam,Shimarka Mangap,28/08/2022,105,84
Plateau,Shendam,Kalong,28/08/2022,197,179
Plateau,Shendam,goesa,28/08/2022,136,107
Plateau,Shendam,Jimduut-Kalong,28/08/2022,89,56
Plateau,Shendam,Gongvel-Kalong,28/08/2022,158,109
Plateau,Shendam,wali-Kalong,28/08/2022,102,73
Plateau,Shendam,Maanbial ward ..,28/08/2022,86,69
Plateau,Shendam,Kurung-Lazai,28/08/2022,96,76
Plateau,Quaan Pan,kwande,28/08/2022,153,133
Plateau,Quaan Pan,Bakin,28/08/2022,177,148
Plateau,Quaan Pan,Turmiang,28/08/2022,201,153
Plateau,Quaan Pan,Kurgwi eastjwest,28/08/2022,86,75
Plateau,Quaan Pan,Bwall,28/08/2022,176,157
Plateau,Quaan Pan,Nakum,28/08/2022,281,231
Plateau,Quaan Pan,Jibial,28/08/2022,159,123
Plateau,Quaan Pan,namu central,28/08/2022,146,105
Plateau,Quaan Pan,Lankaku,28/08/2022,127,109
Plateau,Quaan Pan,Jetta,28/08/2022,294,237
Plateau,Mikang,Baltep,28/08/2022,108,112
Plateau,Mikang,Lalin,28/08/2022,186,109
Plateau,Mikang,piapung,28/08/2022,73,107
Plateau,Mikang,Lifidi,28/08/2022,211,81
Plateau,Mikang,Garkawa ',28/08/2022,93,192
Plateau,Mikang,Shamang,28/08/2022,119,71
Plateau,Mikang,padpung,28/08/2022,107,73
Plateau,Pankshin,Wuseli-Sum,28/08/2022,91,87
Plateau,Pankshin,Balang,28/08/2022,107,89
Plateau,Pankshin,kalep,28/08/2022,95,67
Plateau,Pankshin,Chigwong,28/08/2022,175,131
Plateau,Pankshin,Wuseli-Yan,28/08/2022,211,178
Plateau,Pankshin,Fier,28/08/2022,116,105
Plateau,Pankshin,Wokkos,28/08/2022,235,210
Plateau,Pankshin,Ner,28/08/2022,201,178
Plateau,Pankshin,Tazuk,28/08/2022,99,85
Plateau,Pankshin,Kalong,28/08/2022,82,63
Plateau,Pankshin,Kor,28/08/2022,76,41
Rivers,Obia/Akpor,"Erico, Mini Ndai",22/06/2022,1841,-
Rivers,Asari-Toru,,44598,1413,-
Sokoto,Shagari,"Adare, Jaranja, Yamma Gada & Sabon Garin Shagari",44842,1405,391
Sokoto,Binji,"Binji Town. Tudun Kose, Maikulki, lnname, Samama & JamalL",19/08/2022,3815,1447
Sokoto,Dange-Shuni,"Dange, Fajaldu & Gidan Gara",19/08/2022,3432,1269
Sokoto,Goronyo,"Goronyo
Town,Taloka,Shinaka,Bi,jingu,Gorau,Takakube,Rimawa,Tolaske,Fala/iya,Kwa kwazo,Kojiyo,Bari,Kagara,Sabon Garin Dole, Boye Kai And Balla",44629,1650,410
Sokoto,Wamako,"Guiwa Be/a, Gidan Ja'Oji & Gidan Yero",44842,1643,597
Sokoto,Tangaza,"Sakkwai; Shiyar Ajiya, Makera, Runji & Shiyar Magaji",44842,2321,1649
Sokoto,Tambuwal,Sayyina And Kuchi,20/08/2022,691,-
Sokoto,Bodinga,"Sifawa, Danchadi & BangijDabaga",44720,978,164
Taraba,Donga,"Anguwan Mission, Nyivo Nyita, Donga Town",20/07/2022,4217,-
Taraba,Kurmi,"Baissa, Ndaforo, Didan, Abong, Bissau/a, Njuande, Nyido, Tasso",20/07/2022,5871,-
Taraba,Wukari,"Bantaje, Gindin Dorowa, Nwukon,,.Jibo, Kente, Tsokundi, Ndo Ike, Ando- Katsewen, Ra-fin Kada",17/08/2022,11327,-
Taraba,Ussa,"Fikyu, Kpambo, Konkaen, Kutxu-Asik, Kifong, Kwesati, Kpakya",17/08/2022,8985,-
Taraba,Lau,"Garin-Dago, Kunini, Lau A and B, Donadda, Abbare, Mako, Bwoi Baba, BwoiSakiya",44600,7734,-
Taraba,Karim-lamido,"Karim A and B, Muri 8, Jen Ardido, Jen-Kaigama, Bikwini, Karim Town, Karim Maude, Bandawa, Wuro Lace, Jen Pete!, Sabon Gari, Banbuka",14/07/2022,5501,-
Taraba,Jalingo,"Mayo-Gwoi, Turaki A and 8, Barade, Abl!.ia Phase l, Abuja Phase 2, Abuja Phase 3, Nyabun-kaka, Nukkai, Bobboji, Majidadi, Nta, Ma/lam Joda, W/Board, Mayo- ssa, Mile 6, Special/ist Hospital. Dinyavo, Guflum
Jerusalem, Gui/um, Kona-Garu",25/07/2022,9243,-
Taraba,Takum,"Takum, Mbiya,Kpankufun, Zapata, Manya, Sufa, Shibong",17/08/2022,7426,-
Taraba,Ibi,"Tampara, SarkiKudu, Angwa Nufawa, Angwa Kabawa, Kafa Dampara, Doshima l, Doshima 2, Jigawa Gyada, Angwan Tebua, Angwa Nwonyo 1, Angwa Nwomyo 2",17/07/2022,9685,-
Taraba,Ardo-Kola,"Tau, Jauro-Dovo, Jauro-Yinu, Mayo-Ranewo, Bakin-Dutse, Panpete/, Adamu Chamber",14/08/2022,8430,-
Taraba,Gassol,"Wuryo, Sendirde, Mutu-Biyu, Shira, Wuro-jam, Sabon-Gida, Tutare,
Gumduma, Nammai, Gasse/ Yarima",44811,8620,-
Taraba,Donga,,27/07/2022,4164,-
Taraba,Gassol,,26/07/2022,6828,-
Taraba,Jalingo,,44780,1716,-
Taraba,Karim-lamido,,25/07/2022,6246,-
Taraba,Lau,..,25/07/2022,3666,-
Taraba,Wukari,,25/07/2022,5364,-
Yobe,Geidam,Barko,19/07/2022,48,67
Yobe,Geidam,Kusur,19/07/2022,35,51
Yobe,Nguru,"Afunori, Mai Dashi",44600,47,103
Yobe,Fune,Alagarno,17/08/2022,220,512
Yobe,Jakusko,Amshi and Dachia,44600,20,56
Yobe,Jakusko,Arfani Jawur Katamma,44904,147,236
Yobe,Geidam,Awakurari,21/09/2022,565,468
Yobe,Tarmua,Babangida,16/08/2022,124,345
Yobe,Nangere,Babiyoma,14/08/2022,17,48
Yobe,Bursari,Bade Gana ..,24/08/2022,70,149
Yobe,Gulani,Bandila,44813,78,145
Yobe,Gulani,"Bara, Ouchi, Danga",15/07/2022,156,206
Yobe,Bursari,Bayamari,24/08/2022,158,243
Yobe,Tarmua,Biriri,16/08/2022,106,207
Yobe,Nguru,"Basso, Missilli, Kanimari",44600,125,205
Yobe,Fune,Bukarti,17/08/2022,35,63
Yobe,Jakusko,Bukarti,44600,42,97
Yobe,Gujba,Bukkoyel,30/08/2021,11,41
Yobe,Nguru,"Bulabulin, Yanchiyawa",44600,65,157
Yobe,Yusufari,Bulajaji I,44600,58,145
Yobe,Tarmua,"Bu/ama Umar community, Shekau",16/08/2022,60,169
Yobe,Yusufari,Bulanguwa,44600,45,107
Yobe,Gulani,"Bularafa, Kukuwa, Bandilla",15/07/2022,127,128
Yobe,Gulani,"Buloko/o, Chandam, L.abba, Kojoli",1 5/07/2022,83,124
Yobe,Bade,Bultumari Extension,44600,60,134
Yobe,Gulani,"Bumsa, Ngurum",15/07/2022,142,198
Yobe,Gujba,Buni Gari,44780,110,-
Yobe,Gujba,Buni Gari,44780,110,214
Yobe,Gujba,"Buni Gari, Kukuwa",15/07/2022,80,167
Yobe,Gujba,Buni Gari/Kukuwa,15/07/2022,194,-
Yobe,Gujba,Chillari,44690,65,129
Yobe,Tarmua,Chirokusko,16/08/2022,31,57
Yobe,Nangere,Chukuriwa,14/08/2022,31,93
Yobe,Fune,Damagum,25/06/2022,31,-
Yobe,Fune,Damagum,25/06/2022,31,63
Yobe,Fune,Damagum Damakasu Danchuwa Danchuwa Danga Kanma Dapchi,17/08/2022,249,631
Yobe,Damaturu,"Dapchi, Masaba",15/08/2022,59,173
Yobe,Potiskum,"Daura, Bulanyiwa, Dubbol, Bauwa, Majikumna. Bulanguwa Dawasa",44600,23,64
Yobe,Potiskum,Daya,22/08/2022,17,29
Yobe,Bursari,"Diwi,",24/08/2022,13,43
Yobe,Potiskum,Kotum DogoNini Dogo Tebo Dago Tebo Dogan Kuka Dokshi Dumburi,22/08/2022,456,967
Yobe,Damaturu,Dumsai and Yamdugo,16/08/2022,143,373
Yobe,Fune,Dumsaij,17/08/2022,202,486
Yobe,Nangere,Yamdugo Fajiganari,14/08/2022,40,154
Yobe,Fika,Fulatari,28/08/2022,49,147
Yobe,Gulani,Futchimaram Gabai Gabarawa Gadaka Gadaka,15/07/2022,29,42
Yobe,Potiskum,Gafala Jahur Katamma,22/08/2022,10,32
Yobe,Karasuwa,Gamarin Yerima.,18/08/2022,24,43
Yobe,Potiskum,"Old Nangere, Saban gari, Kanda Garbi and Bombori",44600,12,75
Yobe,Fune,Garga Garin Alkali,17/08/2022,210,311
Yobe,Gulani,Garin Baba,15/07/2022,20,37
Yobe,Jakusko,Dawasa Garin Buba,19/07/2022,68,24
Yobe,Nguru,Garin Dole,44600,40,103
Yobe,Nguru,GarinGawo,44600,45,96
Yobe,Karasuwa,,18/08/2022,15,45
Yobe,Geidam,,44600,28,48
Yobe,Jakusko,,19/07/2022,40,65
Yobe,Yunusari,,16/07/2022,47,85
Yobe,Jakusko,,13/09/2022,276,626
Yobe,Bade,,44600,33,79
Yobe,Bursari,,24/08/2022,164,217
Yobe,Jakusko,,44904,201,534
Yobe,Karasuwa,,44600,97,143
Yobe,Nguru,,44600,99,204
Yobe,Tarmua,,16/08/2022,78,187
Yobe,Bursari,,24/08/2022,148,225
Yobe,Nangere,,44600,44,159
Yobe,Fika,,28/08/2022,52,69
Yobe,Bursari,,24/08/2022,7,23
Yobe,Karasuwa,,18/08/2022,25,53
Yobe,Fika,Garin Gage,28/08/2022,45,89
Yobe,Jakusko,Garih Mallam Jahur,44843,156,209
Yobe,Karasuwa,Gasma,44600,46,90
Yobe,Karasuwa,Gasma,18/08/2022,48,78
Yobe,Fika,Gawandi,44600,56,121
Yobe,Jakusko,Girgir,44600,56,107
Yobe,Jakusko,Girgir,44904,398,569
Yobe,Jakusko,"Girgir, Muguram",19/07/2022,58,29
Yobe,Jakusko,Gogaram,44600,34,83
Yobe,Tarmua,Gonduram,16/08/2022,52,167
Yobe,Potiskum,"Gongola, Ramin Kasa",44600,30,96
Yobe,Bursari,Goniri Burin,24/08/2022,33,69
Yobe,Fune,Gubana,17/08/2022,115,211
Yobe,Gulani,Gulani,1 5/07/2022,30,62
Yobe,Geidam,Gumsa,19/07/2022,49,76
Yobe,Geidam,Gumsa,44600,78,134
Yobe,Jakusko,Guyik,13/09/2022,45,104
Yobe,Gulani,Gwayo,44843,401,895
Yobe,Nguru,"Hausari, Saban Fegi, Ramin Birki",44600,234,567
Yobe,Fune,Jajere,17/08/2022,415,642
Yobe,Gujba,Jajere,30/08/2022,165,219
Yobe,Karasuwa,Jajeri,18/08/2022,20,47
Yobe,Karasuwa,Jajimaji,44600,88,167
Yobe,Karasuwa,Jajimaji,18/08/2022,43,79
Yobe,Jakusko,Jakusko,19/07/2022,158,128
Yobe,Jakusko,Jakusko,44600,52,107
Yobe,Jakusko,Jakusko,44904,270,468
Yobe,Fika,Janga Dole,28/08/2022,37,106
Yobe,Fika,Janga Siri,28/08/2022,23,67
Yobe,Potiskum,Jebuwa,44600,34,139
Yobe,Bursari,Jido,24/08/2022,19,34
Yobe,Nangere,"Jigawa, Mazaga, Gandafura, Nahuta",44600,51,157
Yobe,Tarmua,Jumbam,16/08/2022,46,146
Yobe,Fune,Kafage,17/08/2022,107,148
Yobe,Geidam,"Kalaberi, Damakarwa, Malawango, Dalari, Ngulori, Kesala, Buwa, Daudari",21/09/2022,2106,1944
Yobe,Bursari,Kaliyari,24/08/2022,98,145
Yobe,Nguru,"Kantudu, Sabon Garin Kanuri, Kadawa",44600,94,146
Yobe,Jakusko,Karage,19/07/2022,76,33
Yobe,Karasuwa,Karasuwa Ga/u,44600,37,92
Yobe,Karasuwa,Karasuwa Galu,18/08/2022,35,78
Yobe,Karasuwa,Karasuwa Garin Guna,44600,31,96
Yobe,Karasuwa,Karasuwa Garin Guna,18/08/2022,25,53
Yobe,Jakusko,"Katamma, Lafiya Gwayo
Katarko ..",19/07/2022,97329,42735
Yobe,Bade,Kavayo,17/09/2022,128,206
Yobe,Fune,Kayeri,17/08/2022,193,205
Yobe,Jakusko,Kazir,44904,57,106
Yobe,Geidam,Kiri-Kasamma,21/09/2022,642,426
Yobe,Gulani,Kojoli,44813,65,139
Yobe,Damaturu,Kollere,16/08/2022,603,1157
Yobe,Fune,Kollere,30/08/2022,35,98
Yobe,Bursari,Kotokomari,24/08/2022,47,147
Yobe,Fika,KukarGadu,28/08/2022,169,274
Yobe,Damaturu,Kukareta,44600,125,267
Yobe,Damaturu,Kukuri and Chiromari,13/08/2022,37,95
Yobe,Gujba,Kukuwa Tasha,44780,117,-
Yobe,Gujba,Kukuwa Tasha,44780,117,264
Yobe,Fune,Kukuwale,30/08/2022,100,317
Yobe,Fune,"Kukuwale, Bilam Fusam, Ruga, Gishiwa Dabuwa, Lamba Mai Adiko, Garin",,0,-
Yobe,Potiskum,Danga,44600,75,189
Yobe,Jakusko,Kurkushe,44600,26,34
Yobe,Jakusko,Kurkushe,44843,309,734
Yobe,Geidam,Kusur Damakarwa,44600,36,79
Yobe,Gujba,Labba,30/08/2022,19,49
Yobe,Gulani,Labba,44813,104,246
Yobe,Potiskum,Lai /ai,22/08/2022,12,26
Yobe,Damaturu,Lawan Fannami :,30/07/2022,37,69
Yobe,Bade,Lawan Musa,44600,56,45
Yobe,Potiskum,"Layin Palace, Tsohuwar Kwata",44600,36,94
Yobe,Gujba,Likdir,44780,343,-
Yobe,Gujba,Likdir,44780,763,763
Yobe,Geidam,Lungun Kazamai,44600,30,78
Yobe,Geidam,Ma'ana,19/07/2022,27,36
Yobe,Bade,Madamuwa,18/09/2022,203,318
Yobe,Damaturu,Madori,1S/08/2022,28,89
Yobe,Tarmua,Mafa,16/08/2022,57,179
Yobe,Geidam,Maina Tulubka/Abujan Amare,44600,78,142
Yobe,Gujba,"Mairi, Kasatchia, Shuwari, Flatari, H.ausari, Ngomari, and Sabon Fegi",30/08/2022,2853,5265
Yobe,Nangere,Maisandari,14/08/2022,127,245
Yobe,Tarmua,Malam Matari,16/08/2022,123,309
Yobe,Potiskum,Mamudo,44600,11,43
Yobe,Potiskum,Mamudo,22/08/2022,12,31
Yobe,Bursari,Mandada'a,16/08/2022,40,127
Yobe,Fune,Marmari,16/08/2022,79,124
Yobe,Yusufari,Mayori,44600,6,24
Yobe,Fika,Mutai,29/08/2022,531,1593
Yobe,Nguru,Nayinawa,44600,46,93
Yobe,Fune,Ngelzarma,17/08/2022,304,611
Yobe,Potiskum,Ngojin,44600,16,65
Yobe,Gulani,Njibulwa and Yayum,15/07/2022,25,56
Yobe,Nangere,Old and New Nangere,14/08/2022,58,156
Yobe,Damaturu,Pompomari,44873,454,1256
Yobe,Geidam,Rimi,44600,35,98
Yobe,Gulani,Ruhu,44843,74,107
Yobe,Nangere,Saban Garin Jakade,44600,45,134
Yobe,Damaturu,Sasawa,15/08/2022,97,203
Yobe,Bade,Sugoloci,18/09/2022,188,289
Yobe,Bade,Sugum,16/09/2022,179,278
Yobe,Tarmua,Sungul Koka,16/08/2022,50,186
Yobe,Bade,Tagali,15/09/2022,267,524
Yobe,Bade,Tagama,17/09/2022,234,496
Yobe,Bade,Tagvirvir,16/09/2022,145,215
Yobe,Jakusko,Tajuwa,44600,34,98
Yobe,Geidam,Tashan Toshia/Ganya Kura,44600,22,47
Yobe,Geidam,Toshia,19/07/2022,34,47
Yobe,Nguru,Tshohuwar Nguru,44600,240,542
Yobe,Potiskum,Unguwar Bolewa,44600,18,89
Yobe,Tarmua,"Unguwar Bulama, Lantewa.",16/08/2022,47,135
Yobe,Bade,"Usur, Dawayo",44600,30,97
Yobe,Karasuwa,Wachaka/,44600,24,59
Yobe,Karasuwa,Wachaka/ ..,18/08/2022,30,62
Yobe,Karasuwa,Waro,18/08/2022,18,43
Yobe,Damaturu,Waziri Ibrahim Extension,44842,33,105
Yobe,Potiskum,"Yakana, Hausawa, Tandari",44600,42,89
Yobe,Potiskum,Yerimaram,22/08/2022,21,44
Yobe,Jakusko,Yim,44904,178,259
Yobe,Potiskum,"Yindiski, Arikime",44568,27,34
Yobe,Potiskum,Yindiski/Arikime,44568,17,-
Yobe,Jakusko,Zabudum and Dachia,44600,23,68
Zamfara,Talata Mafara,"Ta/atar Mafara Town,Tsakuwa,Tafl<in Gusau,Tashar Kali,Maradun Town,Danbaza,Saminaka, Gummi Town.Anka Town,Bakura Town,Bungudu
Town,Kauran Namoda Town,Maru Town, Tsafe Town",27/08/2022,12174,2256
Zamfara,Gusau,,44657,0,-
